{
  "is_executive": 0.5960740807927785,
  "combined_score": 0.1194719177769414,
  "fit_score": 0.07379121339266564,
  "audience_type_score": 0.0685060406675046,
  "company_size_score": 0.028312925258217478,
  "email2_engagement": 0.027652593545429132,
  "intent_score": 0.02057229034313092,
  "email1_engagement": 0.013618902101254169,
  "email2_opened": 0.011469478690738706,
  "total_engagements": 0.008191394144697295,
  "email2_clicked": 0.006947431096257655,
  "total_engagement_score": 0.006040798035565031,
  "engagement_sequence_score": 0.005290922744577093,
  "email1_opened": 0.00437128633386639,
  "email1_clicked": 0.003923599376580563,
  "asset_type_score": 0.002128936538439641,
  "total_leads_delivered": 0.0012785429672705695,
  "campaign_volume_score": 0.001080572301984592,
  "has_engagement": 0.001027430193768594,
  "campaign_quality_score": 0.00024964369833206033,
  "asset_type": 0.0,
  "campaign_volume_tier": 0.0,
  "engagement_sequence": 0.0,
  "audience_type": 0.0,
  "unsubscribed": 0.0
}