{
  "company_size_score": 0.10872782987645885,
  "total_engagement_score": 0.022768529899821414,
  "has_engagement": 0.010436886811204976,
  "is_executive": 0.7746354945978003,
  "unsubscribed": 0.0,
  "email1_engagement": 0.029515577134114863,
  "email2_engagement": 0.05391568168059947
}