{
  "source": "Real Lead Scoring Data (CSV)",
  "samples": 613,
  "test_samples": 123,
  "features": 27,
  "results": {
    "RandomForest": {
      "r2": 0.2690285594018137,
      "cv_r2": 0.15474696822607417
    },
    "GradientBoosting": {
      "r2": 0.27071107438640807,
      "cv_r2": 0.15830710559536715
    },
    "ExtraTrees": {
      "r2": 0.27071072438185473,
      "cv_r2": 0.1575488418542874
    },
    "Bagging": {
      "r2": 0.25853304975865476,
      "cv_r2": 0.1550664129691533
    },
    "SVR": {
      "r2": 0.15626694062726587,
      "cv_r2": 0.006816202026883933
    },
    "NeuralNetwork": {
      "r2": 0.23755953525687445,
      "cv_r2": 0.1564520983778147
    },
    "XGBoost": {
      "r2": 0.27071350245758163,
      "cv_r2": 0.15739657198657062
    },
    "Ensemble": {
      "r2": 0.2692724366050614,
      "cv_r2": 0.15918802223317055
    }
  }
}