{
  "model_type": "GradientBoostingRegressor (Campaign-Aware)",
  "parameters": {
    "n_estimators": 150,
    "max_depth": 6,
    "learning_rate": 0.1,
    "min_samples_split": 5,
    "min_samples_leaf": 2,
    "subsample": 0.8,
    "loss": "huber"
  },
  "performance": {
    "r2_train": 0.7040960989855434,
    "r2_test": 0.5754678472855823,
    "mae_test": 3.0011666857302535,
    "rmse_test": 3.8798496791435566,
    "cv_mean": 0.35405144651199194,
    "cv_std": 0.23821072506295485
  },
  "features": [
    "asset_type_score",
    "asset_type",
    "campaign_volume_tier",
    "campaign_volume_score",
    "total_leads_delivered",
    "engagement_sequence",
    "engagement_sequence_score",
    "audience_type",
    "audience_type_score",
    "company_size_score",
    "email1_opened",
    "email1_clicked",
    "email2_opened",
    "email2_clicked",
    "total_engagements",
    "fit_score",
    "intent_score",
    "campaign_quality_score",
    "combined_score",
    "is_executive",
    "has_engagement",
    "email1_engagement",
    "email2_engagement",
    "total_engagement_score",
    "unsubscribed"
  ],
  "feature_count": 25,
  "feature_importance": {
    "is_executive": 0.5960740807927785,
    "combined_score": 0.1194719177769414,
    "fit_score": 0.07379121339266564,
    "audience_type_score": 0.0685060406675046,
    "company_size_score": 0.028312925258217478,
    "email2_engagement": 0.027652593545429132,
    "intent_score": 0.02057229034313092,
    "email1_engagement": 0.013618902101254169,
    "email2_opened": 0.011469478690738706,
    "total_engagements": 0.008191394144697295,
    "email2_clicked": 0.006947431096257655,
    "total_engagement_score": 0.006040798035565031,
    "engagement_sequence_score": 0.005290922744577093,
    "email1_opened": 0.00437128633386639,
    "email1_clicked": 0.003923599376580563,
    "asset_type_score": 0.002128936538439641,
    "total_leads_delivered": 0.0012785429672705695,
    "campaign_volume_score": 0.001080572301984592,
    "has_engagement": 0.001027430193768594,
    "campaign_quality_score": 0.00024964369833206033,
    "asset_type": 0.0,
    "campaign_volume_tier": 0.0,
    "engagement_sequence": 0.0,
    "audience_type": 0.0,
    "unsubscribed": 0.0
  },
  "campaign_scoring_modes": {
    "default": {
      "description": "Balanced (60% Fit + 30% Intent + 10% Campaign)",
      "fit_weight": 0.6,
      "intent_weight": 0.3,
      "campaign_quality_weight": 0.1
    },
    "prospecting": {
      "description": "Fit-focused (70% Fit + 20% Intent + 10% Campaign)",
      "fit_weight": 0.7,
      "intent_weight": 0.2,
      "campaign_quality_weight": 0.1
    },
    "engagement": {
      "description": "Intent-focused (40% Fit + 50% Intent + 10% Campaign)",
      "fit_weight": 0.4,
      "intent_weight": 0.5,
      "campaign_quality_weight": 0.1
    },
    "nurture": {
      "description": "Campaign-driven (30% Fit + 30% Intent + 40% Campaign)",
      "fit_weight": 0.3,
      "intent_weight": 0.3,
      "campaign_quality_weight": 0.4
    }
  },
  "created_at": "2026-03-13T14:56:32.664258",
  "version": "2.0_campaign_aware"
}