{
  "source": "Real Lead Scoring CSV + Enhanced Features",
  "total_samples": 613,
  "train_samples": 490,
  "test_samples": 123,
  "features": 8,
  "target_range": "68.7 - 100.0",
  "target_mean": 82.61910277324634,
  "results": {
    "RandomForest": {
      "r2": 0.5501125375098692,
      "cv_r2": 0.5518968169573422
    },
    "GradientBoosting": {
      "r2": 0.47352486583260733,
      "cv_r2": 0.5010903066501773
    },
    "ExtraTrees": {
      "r2": 0.5924488391829892,
      "cv_r2": 0.5291369601158991
    },
    "Bagging": {
      "r2": 0.5674781829781613,
      "cv_r2": 0.5734158762160464
    },
    "SVR": {
      "r2": 0.5011897350121914,
      "cv_r2": 0.4845397207274436
    },
    "NeuralNetwork": {
      "r2": 0.5369582436803325,
      "cv_r2": 0.5487940156837277
    },
    "XGBoost": {
      "r2": 0.5258919629533116,
      "cv_r2": 0.4940269541114885
    },
    "Ensemble": {
      "r2": 0.5669766692739439,
      "cv_r2": 0.5572867322354541
    }
  }
}